post_id,num_comments,title,selftext,created_iso,subreddit_name,permalink
1n7051o,37,Is there a such thing as completing too fast?,"I began the RN-BSN program yesterday and have completed the requirements for 3 courses already, but I am scared to submit them because it's only been two days. I started 09/01/25 at 10:15 am EST after I got off the phone with my mentor, and worked on 3 courses till 11:15 pm, and then submitted 2 of the courses' PAs. One has already been graded as a pass. Today I continued working on that 3rd course at 9:30 am, and it is now 8:00 pm, and I have completed the PAs for the course, but I am afraid to submit it. For context, I just finished my Associate's Degree in Nursing in May, and these 3 courses were things we already learned, so I knew the material. I don't want my speed to be presumed as cheating or a red flag, but I also don't want to waste time slow walking things I already know. I Also have a lot of time to work on coursework during the week because I only work Friday, Saturday, and Sunday and have no other obligations. I want to complete the program in one semester, so I would rather spend the majority of my time on subjects I know I will struggle with, like Statistics lol I'll need the whole 6 months for that.",2025-09-03T00:14:54Z,WGU,/r/WGU/comments/1n7051o/is_there_a_such_thing_as_completing_too_fast/
1ggolwa,22,Thinking of RN-BSN,"Hello, This is my first time posting on this subreddit since I'm a lurker on here lol. I am in a BSN program at my school, its just really expensive and I was thinking of doing my school's ASN program instead and finishing up at WGU for my BSN. If WGU takes all my credits I would probably only need to take about 9 to 11 of these classes. https://preview.redd.it/4hsh30nqk5yd1.png?width=1082&format=png&auto=webp&s=7af82b9b3cacdf8e4775b7b65d6cd740b3c637dd I would save anywhere from $20k-$23k in loans taking this route since my current school is so expensive. Would you recommend the program? How long did each class take? What do you wish you could've done differently or that WGU could have done differently? And how long did it take you to complete the RN-BSN program? I'd love to get some information and save myself from a student debt hole. I was already thinking of doing WGU's MSN program after a few years as a staff nurse, so if anyone has any info on that, I'd love to hear it as well.",2024-10-31T20:44:54Z,WGU,/r/WGU/comments/1ggolwa/thinking_of_rnbsn/
1iyysxz,21,WGU RN to BSN program in 2025,"Hi, I am a nurse with my ADN working in CA. I am looking into the RN to BSN program at WGU. I have been reading a lot of mixed reviews. Overall, I think I am still leaning towards going here because it seems to be the most affordable/flexible option. I spoke to someone at WGU and she told me the program requires 90 clinical hours. On their website, it says 35 hours. I asked someone on their website and they also told me 35 hours. Did this change recently? Also, I read that this was a challenge for many students. Can anyone share some thoughts on their experiences with WGU? Thank you!",2025-02-26T21:27:46Z,WGU,/r/WGU/comments/1iyysxz/wgu_rn_to_bsn_program_in_2025/
1fu4ttn,21,Why I chose WGU!,"Edited 10/5/2024: The reason I chose WGU is because one 6 month term at WGU costs about $5k. While similar schools like Keiser charge around $11k (including books and fees) per 4-month semester, come to find out a lot of online colleges (like Snhu) charge about $450+ per credit hour. The national average for a 2-4yr bachelors is around $25-$35k, but at similar universities like Keiser, SHNU, Prude, etc. can run upwards of $10k-$20k above the national average. Not saying those colleges are less competent or inferior. WGU offers ""Competency-Based Education"" (equivalent to credit hours) which allows you to work at a faster pace. ""*Competency-based education means that students progress through courses as soon as they can prove they‚Äôve mastered the material, rather than advancing only when the semester or term ends. If you can learn faster, spend more time on schoolwork, or lean on the knowledge you already have from previous work or school experience, you can accelerate through your courses.*"" This approach gives students the ability to earn a bachelor's in 6 to 12 months as a first-time student without prior experience and save money. You can earn a bachelors spending less than $10k. No one should go broke or in serious debt for trying to have a better life and contribute immensely to society. Also for the inspiring nurses WGU offer the BSN (pre-licensure) meaning you can enroll without already being a registered nurse, and earn your RN license while working towards your degree. WGU has partner labs across 24 states allowing clinicals to be more accessible and included in your tuition. Don't forget to check out the many scholarships offered and reverse transfer partners. Reverse transfer is the ability to earn your associate's with credits earned from WGU to satisfy requirements at partnered community college or universities. I'm not an expert, but this is everything I gathered while doing my own research. I'm not going to talk about everything WGU have to offer and why I chose WGU. But I wanted to highlight several reasons. I am transferring in with over 30 credits, so hopefully I will be done with my Bachelor in Health Science within several months. After spending the last several weeks looking and applying to different post-secondary education trying find a affordable and flexible online college WGU turned out to be the best for me. Don't just take my word for it, check out testimonies across Reddit, YouTube, etc. WGU is highly accredited and recognized across the nation.",2024-10-02T01:33:47Z,WGU,/r/WGU/comments/1fu4ttn/why_i_chose_wgu/
1ja0zrw,20,Finally done!,"I did my RN to MSN got my BSN while going through the program. Almost 3 1/2 years later had lots of family stuff that happened, which delayed school at times and had to take time off. It feels great being done.",2025-03-13T01:47:41Z,WGU,/r/WGU/comments/1ja0zrw/finally_done/
1kcrwjt,9,WGU,"Hi, I am RN. I will be starting my RN to BSN program at WGU. I am wondering if anyone has completed this within a year. I am currently not working as I am retired.",2025-05-02T03:56:00Z,WGU,/r/WGU/comments/1kcrwjt/wgu/
1iau6zj,7,Inactivity Withdrawal,"I'm at the end of the RN-BSN program which involves putting together an extensive professional portfolio and obtaining off-site certifications. I had been working on both of these for a couple months, probably clocking about 5-10 hours per week. Few days ago I get an email saying they will be withdrawing me from the program due to academic inactivity with an option to appeal. So of course I immediately respond, frustrated, mostly confused. Get a call from WGU staff who said I hadn't done anything that could be considered ""academic activity"" and my professor was concerned so she reported me to the department that carries out these inactivity withdrawals. No explanation as to what counts as ""academic activity"" could be provided. The projects I'm working on don't involve any course content and are entirely off the WGU site. Throughout the course, my instructor had changed 3 times and I only ever got copy/pasted emails from them about holiday availability. I regularly check my school email, but decided to check it very thoroughly to see if I missed something, but nope. Everything was fine after I explained this, but had I not responded immediately, I would have had to appeal in time. Not too sure what that would entail, but sounded like a pain. Anyway, check your email daily I guess haha.",2025-01-26T23:48:34Z,WGU,/r/WGU/comments/1iau6zj/inactivity_withdrawal/
1ipzgri,6,Help? New student looking to accelerate.,"Hey all, thanks for your help in advance. I'm an RN looking to do the RN-BSN, preferably in 6 months as I'm looking to apply to medical school by end of year. I am very driven and believe I'm capable of doing it, I did a ton of accelerated class work at my state community college and always got done early. I just love learning, it's very enjoyable for me and I have no problem doing it 8 hours a day honestly. What's the best way to do this? I just enrolled and got my degree plan, am I supposed to contact the program mentor? It did say in the orientation guide that if I finish all my classes early I can get a one time move for the rest of the classes? Is this correct? Please let me know your best advice, thank you",2025-02-15T11:30:06Z,WGU_Accelerators,/r/WGU_Accelerators/comments/1ipzgri/help_new_student_looking_to_accelerate/
1l9mifs,4,RN Considering WGU MBA ‚Äî General vs Healthcare Management?,"Hey everyone, reposting this since I didn‚Äôt really get many responses the first time: I‚Äôm a Canadian RN with a BSN and about 4 years of experience split between psych and corrections nursing. I‚Äôm currently working as a travel nurse in the U.S. and considering going back to Canada in a couple years. While I enjoy my work for now, I‚Äôve been thinking seriously about the long game and how to open up more career options down the line ‚Äî especially something that could eventually get me into the $150K+ range. I‚Äôve narrowed it down to either WGU‚Äôs General MBA or the MBA in Healthcare Management, but I‚Äôm stuck on which one makes more sense for someone with a nursing background. Right now I‚Äôm leaning towards the Healthcare MBA. Again, I don‚Äôt hate nursing ‚Äî I actually enjoy it ‚Äî but I want to have a degree that gives me flexibility if I ever want to step away from bedside work or get into leadership, consulting, informatics, or health tech strategy roles. This is also the reason I don‚Äôt wanna get an MSN. Questions for any nurses here who‚Äôve done either MBA at WGU: - Which one did you choose and why? - What kind of roles did you end up in (if you pivoted)? - Was it respected or helpful in getting you interviews? - Did it actually change your earning potential? If anyone has experience specifically in mental health, public health, consulting, or even just moving into admin from bedside after the degree, I‚Äôd love to hear how it played out. Thanks in advance ‚Äî and congrats to anyone who‚Äôs already finished their degree! üëè",2025-06-12T13:29:38Z,WGU,/r/WGU/comments/1l9mifs/rn_considering_wgu_mba_general_vs_healthcare/
1gm3tuy,4,12 classes in 6 months?,"I am going for RN to BSN have 12 classes 37 CUs. Translates to 1 class every 2 weeks seems do able, but this is my first time with WGU. Seems like it will mostly be a lot of papers to write, but am unsure",2024-11-07T23:02:14Z,WGU,/r/WGU/comments/1gm3tuy/12_classes_in_6_months/
1l815ub,2,RN Considering WGU MBA ‚Äî General vs Healthcare Management? Any Nurses Here Done It?,"Hey everyone, I‚Äôm a Canadian RN with a BSN and about 4 years of experience split between psych and corrections nursing. I‚Äôm currently working as a travel nurse in the U.S. and considering going back to Canada in a couple years. While I enjoy my work for now, I‚Äôve been thinking seriously about the long game and how to open up more career options down the line ‚Äî especially something that could eventually get me into the $150K+ range. I‚Äôve narrowed it down to either WGU‚Äôs General MBA or the MBA in Healthcare Management, but I‚Äôm stuck on which one makes more sense for someone with a nursing background. Right now I‚Äôm leaning towards the Healthcare MBA. Again, I don‚Äôt hate nursing ‚Äî I actually enjoy it ‚Äî but I want to have a degree that gives me flexibility if I ever want to step away from bedside work or get into leadership, consulting, informatics, or health tech strategy roles. Questions for any nurses here who‚Äôve done either MBA at WGU: - Which one did you choose and why? - What kind of roles did you end up in (if you pivoted)? - Was it respected or helpful in getting you interviews? - Did it actually change your earning potential? If anyone has experience specifically in mental health, public health, consulting, or even just moving into admin from bedside after the degree, I‚Äôd love to hear how it played out. Thanks in advance ‚Äî and congrats to anyone who‚Äôs already finished their degree! üëè",2025-06-10T15:08:16Z,WGU,/r/WGU/comments/1l815ub/rn_considering_wgu_mba_general_vs_healthcare/
1l6tfad,2,Nursing Prelicensure program,"This might be a silly question, but after you complete the nursing Prelicensure program are you able to take the NCLEX and become an RN? Or do you have to complete the entire BSN program in order to become a registered nurse?",2025-06-09T02:16:50Z,WGU,/r/WGU/comments/1l6tfad/nursing_prelicensure_program/
1fyb6wz,2,RN TO BSN,"I am having it extremely difficult to find clinical site. WGU cannot assigned a location, and when you find on your own they are making it extremely difficult with all their requirements. I should have finished this program this October but with all the problems I am having, I at the point where I am about to quit. This is just too much. Is anyone in this program having the same issue or its just me. Appreciate the feedback",2024-10-07T15:59:50Z,WGU,/r/WGU/comments/1fyb6wz/rn_to_bsn/
1fs42st,2,Has anyone started or completed their RN/BSN from LPN. I'm thinking about enrolling but a little hesitant.,,2024-09-29T13:14:18Z,WGU,/r/WGU/comments/1fs42st/has_anyone_started_or_completed_their_rnbsn_from/
1fq22r4,2,New Transcripts,I got my RN-BSN at WGU in 2021. I'm now applying for my Master's. Do I need to contact the school where I got my Associate's degree to send to WGU again or can't they just look ar my file? Seems like kind of a lot of extra work that shouldn't be needed,2024-09-26T17:38:57Z,WGU,/r/WGU/comments/1fq22r4/new_transcripts/
1mgulbw,1,Nursing degree in Washington State question,It looks like you can‚Äôt do the RN pre licensure degree at WGU if you live in Washington state. But if you‚Äôre already an RN you can do the RN to BSN Nursing Bachelor‚Äôs Degree in Washington. Is this correct? Just looking for some clarity.,2025-08-03T21:06:41Z,WGU,/r/WGU/comments/1mgulbw/nursing_degree_in_washington_state_question/
1kqyd7o,1,"BSN, RN crying for help","Im a nurse with a bachelors degree I have been working for almost a year now. I‚Äôve come to the conclusion that I hate nursing, bedside it‚Äôs not for me. Tired of night shift and 12 hrs shifts. I just came across WGU and I‚Äôm really surprised about the wide range of degrees they offer. As a nurse with a bachelors degree which degree would be the most useful to get a better job? It fought to my attention the masters degree in public health‚Ä¶is this a smart move? I should I reconsider ? Also another question‚Ä¶is it possible to complete the degree in just 1 year? lol since it‚Äôs cheaper the faster that you complete it. Thank you so much!!",2025-05-20T06:46:56Z,WGU,/r/WGU/comments/1kqyd7o/bsn_rn_crying_for_help/
1k2dcvl,1,"NP, DNP, FNP universities that accept a BSN from WGU","HI! I am finishing my pre-nursing credits to transfer to WGU's nursing program. They accept credits from [Sophia.org/Study.com](http://Sophia.org/Study.com) and [Straighterline.com](http://Straighterline.com) and I only have 6 classes left to take to transfer into their BSN program. My hesitation is that one day after I graduate from my BSN from WGU, while I have seen many NP, DNP, and FNP's get accepted into their programs after going to WGU for their BSN--- is that I am worried some universities will not accept me later on with these 6 classes done at study/sophia/straighterline.com. Has anyone taken pre-nursing courses from one of these websites, finished their BSN, and had any trouble being accepted into NP, DNP, or FNP programs? I have seen one person so far that got their RN-BSN from WGU and got accepted at UNC for their DNP program, but I do not know if they took any credits from any of the above websites. Duke's DNP program, for instance, looks into every credit received toward a BSN, and does not accept any credits from Sophia/Study.com. Thank you!",2025-04-18T19:26:51Z,WGU,/r/WGU/comments/1k2dcvl/np_dnp_fnp_universities_that_accept_a_bsn_from_wgu/
1i2ealw,1,RN to BSN?,How is the RN to BSN program? Can I do this while doing a new grad residency ? Can I accelerate finishing the BSN in one term ? I‚Äôm in CA.,2025-01-16T02:09:22Z,WGU,/r/WGU/comments/1i2ealw/rn_to_bsn/
1gtjju1,1,MHA vs MBAHM @WGU (with RN-BSN background),"I will be graduating with my BSN in May 2025. I‚Äôm trying to think long term and I would like to keep options open to work in hospital administration and even hopefully become a Director of Nursing (or similar) later in my career. I‚Äôm also interested in health and nursing policy. Right now, I‚Äôm considering WGU for my masters, but can‚Äôt choose between the MBA in Healthcare Management and the MHA. I do intend to go back for my DNP, but that‚Äôs later in life. I want to start my Masters online soon after graduating with my BSN and passing my NCLEX. Just need to pick a degree program. I‚Äôve even briefly contemplated doing both back to back, but I feel like that shouldn‚Äôt be necessary, lol.",2024-11-17T18:05:08Z,WGU,/r/WGU/comments/1gtjju1/mha_vs_mbahm_wgu_with_rnbsn_background/
1ggztkr,1,WGU NCLEX/licensure in Michigan?,"Hi, I am from Michigan and I‚Äôm very interested in the BSN pre-licensure entry program, WGU is offered in Michigan but I‚Äôm not sure if I can take my NCLEX and get a Michigan RN license upon graduation. If I go to WGU and get a BSN in Nursing, will I be able to sit for the NCLEX in Michigan? Will I be able to get a Michigan RN license with a BSN from WGU (western governors university)",2024-11-01T07:17:35Z,WGU,/r/WGU/comments/1ggztkr/wgu_nclexlicensure_in_michigan/
1g8c1ot,1,RN to MSN track,"My start date is 11/1/24 for the RN-MSN leadership and management track. I have 38 CU‚Äôs needed for the BSN portion. I‚Äôm on maternity leave until January so I will have plenty of time to work on these, but how realistic is it to get these done by then? Also, what is does the field hours look like for this part as I‚Äôm a little confused between the BSN and MSN requirements? It‚Äôs not clear in any of the guides I can get my hands on. In California and I‚Äôve been told I can‚Äôt opt out of the public health certification portion.",2024-10-20T23:24:39Z,WGU,/r/WGU/comments/1g8c1ot/rn_to_msn_track/
1fofcjl,1,RN w/MBA,"I'm an BSN RN and would like to get away from patient care. Thinking of starting an MBA, however, I'm not sure if I should do the regular MBA or the MBA for Healthcare Management. I'm assuming I'll always work at some kind of healthcare system, but would like to be considered for some leadership or other non-clinical role. I'm wondering if just an MBA would be sufficient. Any insight? Pros/cons of both?",2024-09-24T15:31:54Z,WGU,/r/WGU/comments/1fofcjl/rn_wmba/
1n3ys0m,1,New student trying to get advice on if/how I could accelerate the classes I have. Start date 10/1,"I am starting the RN to BSN on 10/1. I have to take: D236 C784 C494 D235 D218 D219 D220 D221 D222 D223 D224 D225 D226 Life has been hectic otherwise I would have done the direct RN to msn healh leadership and getting my MBA hospital administration. Is there any way I could accelerate my current classes or any classes I would need to take for the masters program? I'm new to Western governors and I'm not sure if I completely understand all the ins and outs of accelerating other than doing easy classes first and then doing classes for credits on cheaper platforms to transfer into the school. Also, any advice on scholarships? Hope this didn't break any rules.",2025-08-30T11:01:29Z,WGU_Accelerators,/r/WGU_Accelerators/comments/1n3ys0m/new_student_trying_to_get_advice_on_ifhow_i_could/
1lhyro2,1,WGU RN-BSN to MSN programme courses in one billing cycle in 5-6 weeks,"Hey there nurses,are you taking RN-BSN or RN-MSN programme courses in any university be it Capella,Walden,WGU,Post,Tasmania etc this is your post. I'm an experienced tutor and writer and I handle classes for you,take only 5-6 weeks to complete the whole programme. I deliver distinguished grades as I do quality work with no plagiarism no use of AI. I've helped a number of nurses complete their courses and they really enjoy my services. My charges are pocket friendly as I consider your budget so much. Don't stress yourself with classes and work. I'm here for you.",2025-06-22T21:10:43Z,WGU_Accelerators,/r/WGU_Accelerators/comments/1lhyro2/wgu_rnbsn_to_msn_programme_courses_in_one_billing/
1n1u9pp,0,RN to BSN texts,Hi. new here. Am wondering if there are any texts out there comparable to the books they use for Pathophysiology and Statistics that I can pick up early and get a handle on these classes before I start the 6 month term. Not asking for the pdf just something comparable I can pick up say at Amazon. Also any tips on the program as I am an ADN returning to school after MANY years. Thanks in advance.,2025-08-27T21:49:36Z,WGU,/r/WGU/comments/1n1u9pp/rn_to_bsn_texts/
1l660fm,0,RN BSN to MSN Education,"I am enrolling in the Bachelor of Science and Post-Baccalaureate Certificate, Nursing (RN to MSN track) - I have a few courses to finish my BSN and then start my MSN in nursing education. Looking for any input regarding coursework, time spent each week, relationship with your mentor, communication, and how to maximize getting as much accomplished in the least amount of time. I have 20 years of bedside nursing experience and currently teach part-time now as a clinical instructor, so I feel I am starting with a strong base out of the gate. Again, any and all advice or suggestions are appreciated. Thanks in advance! :)",2025-06-08T07:01:35Z,WGU,/r/WGU/comments/1l660fm/rn_bsn_to_msn_education/
1l633b3,0,Admission for foreign degree,"Im a US licensed RN in cali, but i got my BSN degree in the Philippines. I want to take MSN informatics in WGU. Has anyone tried and got admitted on the program with this kind of situation?",2025-06-08T03:54:32Z,WGU,/r/WGU/comments/1l633b3/admission_for_foreign_degree/
1krb7nx,0,RN to Bsn,"Hey guys, I‚Äôve been taking it slow with my BSN and would like to hear how long it took you to wrap it up.",2025-05-20T17:45:08Z,WGU,/r/WGU/comments/1krb7nx/rn_to_bsn/
1kqahiy,0,RN to BSN Life,I am interested in the RN to BSN program at WGU. I live in California and I see they will require clinical hours of some sort. I am mainly after how many proctored exams there are out of the 11 CORE courses and how many papers their are in each course. Do any courses have both a paper and one proctored exam in order to pass? How long does each paper need to be? I am guessing its all APA writing like the ADN program? I would appreciate any feedback from those who have taken the RN to BSN program at WGU!,2025-05-19T12:31:17Z,WGU,/r/WGU/comments/1kqahiy/rn_to_bsn_life/
1ka8rhv,0,"RN to BSN, Clinical, Oa's?",I am trying to decide on a rn to bsn program. I am curious to know is the clinical placement still taking over a year and also which CORE classes have OA's. I have all the pre reqs done.,2025-04-28T22:40:06Z,WGU,/r/WGU/comments/1ka8rhv/rn_to_bsn_clinical_oas/
1k84tpk,0,RN-BSN questions,Anyone here pursing/completed their RN-BSN? Would you recommend it to others? I‚Äôm specifically curious about clinical hours like where and how many were required?,2025-04-26T04:41:44Z,WGU,/r/WGU/comments/1k84tpk/rnbsn_questions/
1jlr5ul,0,"BSN with WGU, MSN elsewhere?","Hi everyone, I have some questions about WGU So right now I have an ADN and I am an RN First is it true that you can get your rn to BSN with wgu in 6months? I have no social life so I don‚Äôt mind writing a few essays every week if I can get my BSN in less time. Also if anyone here is a disabled veteran were you able to get more FAFSA benefits with this school? I used my GI bill for my associates and have 9 months left and I want to save that for my MSN so I want as many breaks for my BSN financially as I can get Lastly if anyone has a BSN from here and is pursing your masters else where was is difficult to transfer? I‚Äôm hearing wgu doesn‚Äôt do letter grades it‚Äôs just pass or fail? I would like to get my msn with Penn so I just want to see if a BSN from Wgu would even transfer Thank you in advance!",2025-03-28T09:31:36Z,WGU,/r/WGU/comments/1jlr5ul/bsn_with_wgu_msn_elsewhere/
1jdtlmj,0,WGU BSN Pre-Licensure 2025 Cohort,"Looking for fellow students starting their BSN Pre-Licensure/ RN-BSN at WGU this year! I start my program in April and would love to build a community. I am in Utah so there is where my schooling/ clinicals will be based out of. I have a few other degrees so while I am starting the Pre-licensure program, I was able to shave 1.5 years off my degree so I am only a semester away from the core nursing curriculum. Let's connect and support each other!",2025-03-18T01:26:08Z,WGU,/r/WGU/comments/1jdtlmj/wgu_bsn_prelicensure_2025_cohort/
1j4yine,0,BSN Program,is there anyone in here who is currently or who graduated from the BSN program who didn‚Äôt already have their RN or a job at the hospital? Looking for your experience!,2025-03-06T15:51:09Z,WGU,/r/WGU/comments/1j4yine/bsn_program/
1h8xbcp,0,NURSING?,"Hello. I‚Äôm quite new here. Anyone here in the RN-BSN, ADN-BSN or MSN students?",2024-12-07T17:22:39Z,WGU,/r/WGU/comments/1h8xbcp/nursing/
1lew6kb,0,Are you taking RN-BSN to MSN programme course.,"Hey there Nurses,are you taking Flexpath RN-BSN to MSN and may be you're busy with work and still you want to complete it as early as possible, may be even 6 weeks. Yes, it's possible to accelerate the process. You may Hmu for more guidance and advice,also I've created a sub where you can join and interact with experienced instructors from my team. The sub is r/Capella_Flexpath_Help join it for more as I'll be sharing alot over there",2025-06-18T23:41:14Z,WGU_Accelerators,/r/WGU_Accelerators/comments/1lew6kb/are_you_taking_rnbsn_to_msn_programme_course/
1lawoah,0,RN to BSN 2 classes in 12 days!,"The first class was easy, one paper that ended up being 5 pages, and I finished the class in a day. The second was real tough though- statistics. I spent 3-4 hours a day studying (about 1 hour was at work during free time) and was able to score exemplary overall! I‚Äôm NOT a math person so I‚Äôm super proud of this. For anyone taking Statistics in Healthcare really pay attention to the preassessment- some questions in the test were word for word!!",2025-06-14T01:26:29Z,WGU_Accelerators,/r/WGU_Accelerators/comments/1lawoah/rn_to_bsn_2_classes_in_12_days/
1mfg98w,0,HESI RN Dosage Calculations 2025 Study Material - BSN,,2025-08-02T03:20:51Z,wgueducation,/r/wgueducation/comments/1mfg98w/hesi_rn_dosage_calculations_2025_study_material/
